timestamp,temperature,humidity
2024-01-01 00:00:00,31.133300640999053,63.97995085277054
2024-01-01 00:05:00,19.621853833559285,25.560243880176916
2024-01-01 00:10:00,22.162207550082517,48.44600489572138
2024-01-01 00:15:00,17.21020632746824,45.601099423865335
2024-01-01 00:20:00,20.38832007660939,42.31068499581774
2024-01-01 00:25:00,19.0784479328508,51.387645303481285
2024-01-01 00:30:00,23.53882531312323,28.85234011366736
2024-01-01 00:35:00,25.62491689644589,52.000004119809205
2024-01-01 00:40:00,20.038083894858026,31.593488389452528
2024-01-01 00:45:00,23.37980142520269,72.31590052908525
2024-01-01 00:50:00,14.91787561306306,55.61513115588553
2024-01-01 00:55:00,28.456228224553094,51.28772402484522
2024-01-01 01:00:00,13.543071039309643,47.11222301167677
2024-01-01 01:05:00,24.90037085563736,76.25707304615011
2024-01-01 01:10:00,20.025874669674444,50.44040922709769
2024-01-01 01:15:00,26.464407490852896,51.64809110335582
2024-01-01 01:20:00,26.835634193262887,51.171298937745966
2024-01-01 01:25:00,30.92080171215288,52.65730756988086
2024-01-01 01:30:00,18.856343969789854,45.14889380346216
2024-01-01 01:35:00,21.40057278651423,55.245165153055275
2024-01-01 01:40:00,25.473442706094005,53.09007394539489
2024-01-01 01:45:00,19.098083311844086,42.392874387504534
2024-01-01 01:50:00,18.53652935083845,41.02706218730336
2024-01-01 01:55:00,24.086686481668853,60.10851907772456
2024-01-01 02:00:00,30.227093894705092,39.0167848706203
2024-01-01 02:05:00,26.012152994423637,37.03741472702711
2024-01-01 02:10:00,13.85377637497073,58.528987859996974
2024-01-01 02:15:00,17.78123958686288,61.478184460012216
2024-01-01 02:20:00,22.077080014235477,32.314445521317595
2024-01-01 02:25:00,26.565356790831395,30.772857728655698
2024-01-01 02:30:00,22.774865061930075,32.00378658233958
2024-01-01 02:35:00,25.96163785094182,59.05186954152545
2024-01-01 02:40:00,25.007596371011495,19.574337083107537
2024-01-01 02:45:00,21.240224106829363,59.02066381208789
2024-01-01 02:50:00,20.809589085567847,56.61239751542026
2024-01-01 02:55:00,28.365511668274618,52.35714363280673
2024-01-01 03:00:00,21.882153439665718,41.113088382385875
2024-01-01 03:05:00,19.944994951042183,55.30277953291184
2024-01-01 03:10:00,15.313420365927238,41.64148986201858
2024-01-01 03:15:00,14.92097871250561,50.67351055410845
2024-01-01 03:20:00,10.369966539894838,35.38599308225525
2024-01-01 03:25:00,32.80233722462373,49.65049961400117
2024-01-01 03:30:00,20.761054530551128,41.3961012504177
2024-01-01 03:35:00,7.214072154423919,59.29986682274341
2024-01-01 03:40:00,18.836588569843986,56.97484502071603
2024-01-01 03:45:00,21.701712952452734,51.57709932748117
2024-01-01 03:50:00,16.782677641807254,56.67561761688116
2024-01-01 03:55:00,21.394142411596157,56.560437277822956
2024-01-01 04:00:00,23.159667915124217,67.43573939237834
2024-01-01 04:05:00,30.99211345277727,53.77974200644864
2024-01-01 04:10:00,23.025591992815947,45.51845300907618
2024-01-01 04:15:00,39.84984912333946,38.88982797845829
2024-01-01 04:20:00,32.2374540356585,51.6680294579829
2024-01-01 04:25:00,22.68745215682355,49.185358716032056
2024-01-01 04:30:00,24.294616927617852,35.63567279314839
2024-01-01 04:35:00,21.2806102301187,57.4643979218519
2024-01-01 04:40:00,10.693775711078793,47.94772469673236
2024-01-01 04:45:00,19.364547703509555,54.46099246390333
2024-01-01 04:50:00,30.201622191204027,51.67198587019412
2024-01-01 04:55:00,21.421384066438705,47.52127061011457
2024-01-01 05:00:00,35.42767426634283,41.93381311011105
2024-01-01 05:05:00,24.3212601463388,66.15725952996183
2024-01-01 05:10:00,21.713060820863166,48.92134790579393
2024-01-01 05:15:00,22.102315171566254,58.8231815136356
2024-01-01 05:20:00,26.473358660077036,48.60139998903246
2024-01-01 05:25:00,18.799928947036353,51.56245724776363
2024-01-01 05:30:00,23.154379118902902,35.72897349593102
2024-01-01 05:35:00,25.15132600926314,43.37472760482668
2024-01-01 05:40:00,22.272858945954283,40.54893310238586
2024-01-01 05:45:00,25.054002702052962,64.94311766841783
2024-01-01 05:50:00,17.50740138871833,54.76834451974333
2024-01-01 05:55:00,23.230900845350153,54.12836004719672
2024-01-01 06:00:00,21.00245411319492,60.70704338495857
2024-01-01 06:05:00,27.29672377881967,53.04943206555099
2024-01-01 06:10:00,29.342100827775027,49.59874102520896
2024-01-01 06:15:00,12.891323993518748,19.35041427248311
2024-01-01 06:20:00,20.739856444584927,52.19191331067599
2024-01-01 06:25:00,21.63300233032373,59.8367575690196
2024-01-01 06:30:00,27.090062992430397,26.669792869880858
2024-01-01 06:35:00,30.855611450392317,66.11122938130994
2024-01-01 06:40:00,31.085597120137294,53.09763287159305
2024-01-01 06:45:00,24.498218741682702,39.58638034190943
2024-01-01 06:50:00,23.837132941858293,57.09781800666156
2024-01-01 06:55:00,9.747371576346605,50.0192527178582
2024-01-01 07:00:00,21.053148924099908,46.12947848438799
2024-01-01 07:05:00,19.00437733118836,49.673555056346444
2024-01-01 07:10:00,21.028612482011404,45.56888094371858
2024-01-01 07:15:00,21.574126235739815,52.193906899851775
2024-01-01 07:20:00,13.726013677709881,59.17137693264462
2024-01-01 07:25:00,20.16596730608683,54.78614320669986
2024-01-01 07:30:00,29.310214825595374,44.75396777207995
2024-01-01 07:35:00,17.14090914223974,70.3887533488964
2024-01-01 07:40:00,22.75108776061422,43.586121962190674
2024-01-01 07:45:00,14.108817589392203,60.311514558813656
2024-01-01 07:50:00,25.856387314140864,69.66678547552154
2024-01-01 07:55:00,27.372428008543437,49.62046115851378
2024-01-01 08:00:00,18.610892685533344,59.35580114100543
2024-01-01 08:05:00,17.652055851523777,69.17005256830609
2024-01-01 08:10:00,21.573390649911598,45.4746439744678
2024-01-01 08:15:00,32.604398840319384,75.59845879988856
2024-01-01 08:20:00,17.221600899842834,56.95185363653275
2024-01-01 08:25:00,15.291518844015432,57.207759001051855
2024-01-01 08:30:00,25.61852083693586,55.40677226803081
2024-01-01 08:35:00,26.038945703251994,54.5644785177993
2024-01-01 08:40:00,25.98239985447547,52.100955353108496
2024-01-01 08:45:00,27.339488486734645,20.82147203021597
2024-01-01 08:50:00,16.714744278855292,68.1496814927768
2024-01-01 08:55:00,19.994184958156467,53.53344542905626
2024-01-01 09:00:00,25.36064393253092,63.77205093493093
2024-01-01 09:05:00,29.259290127266645,66.05337492959735
2024-01-01 09:10:00,11.490163437725345,60.360444110215624
2024-01-01 09:15:00,16.766389264736013,40.521170744912254
2024-01-01 09:20:00,19.169685999284393,35.390758947032296
2024-01-01 09:25:00,13.822972677336402,47.00122928108977
2024-01-01 09:30:00,28.66447746980748,54.45947557483039
2024-01-01 09:35:00,24.843377739260262,51.796023487929624
2024-01-01 09:40:00,23.825491088080106,50.570836300249304
2024-01-01 09:45:00,22.074893643285044,49.57128622997587
2024-01-01 09:50:00,15.207051940845705,40.34051723671432
2024-01-01 09:55:00,15.293776426672043,31.321540160529665
2024-01-01 10:00:00,29.41889821282185,51.33709498309865
2024-01-01 10:05:00,19.347824047056207,31.63287724231669
2024-01-01 10:10:00,22.26666789256168,76.13837686344328
2024-01-01 10:15:00,28.493676873059044,67.0671289881875
2024-01-01 10:20:00,22.80131578722189,44.0990520772345
2024-01-01 10:25:00,24.490405006881957,47.404856448855
2024-01-01 10:30:00,19.072516783738877,50.0460403143678
2024-01-01 10:35:00,23.31803291068995,33.53542459721052
2024-01-01 10:40:00,27.278904149249346,49.534983135471165
2024-01-01 10:45:00,24.220122820631126,45.29785433288463
2024-01-01 10:50:00,16.86694352030058,50.4610493401953
2024-01-01 10:55:00,21.914121434911245,42.766420267336514
2024-01-01 11:00:00,15.302860755113276,63.991353751543116
2024-01-01 11:05:00,18.70121184027365,56.86508888178649
2024-01-01 11:10:00,24.674538075848368,43.859015850779954
2024-01-01 11:15:00,30.655200277155352,47.56312427160778
2024-01-01 11:20:00,14.339055772948978,53.382210281585635
2024-01-01 11:25:00,25.228609824749277,54.51002860124317
2024-01-01 11:30:00,21.20334339139005,57.2736817164733
2024-01-01 11:35:00,26.574858312246587,62.06518559656191
2024-01-01 11:40:00,24.910315811473513,41.10127437461733
2024-01-01 11:45:00,22.39505659378825,56.74065659712063
2024-01-01 11:50:00,13.542291105028857,57.95800320441422
2024-01-01 11:55:00,16.133838406794137,42.75715217059492
2024-01-01 12:00:00,19.521917029267776,56.39081385854099
2024-01-01 12:05:00,4.051522359875804,78.96423375911021
2024-01-01 12:10:00,25.829087731380646,56.656472039148554
2024-01-01 12:15:00,24.629048466763237,48.154913476645575
2024-01-01 12:20:00,27.085144517629114,55.92273370191828
2024-01-01 12:25:00,25.33993008767502,52.74111663405138
2024-01-01 12:30:00,28.797052310178984,61.86395337306125
2024-01-01 12:35:00,23.191899413468434,45.45020271224277
2024-01-01 12:40:00,14.66855070754307,27.59470535511955
2024-01-01 12:45:00,24.600373580841524,38.48229414961325
2024-01-01 12:50:00,19.36980523055322,49.60199407140547
2024-01-01 12:55:00,19.788500208218657,42.06731291076062
2024-01-01 13:00:00,20.25773414891128,40.50562245478754
2024-01-01 13:05:00,25.537117466046578,39.422585938929856
2024-01-01 13:10:00,14.745904897578992,45.46929332174124
2024-01-01 13:15:00,7.526317213706861,40.73284614160423
2024-01-01 13:20:00,15.681033460212014,54.01274327660589
2024-01-01 13:25:00,13.777409310974802,55.261521075267524
2024-01-01 13:30:00,22.823139872862598,57.16579942241768
2024-01-01 13:35:00,15.367847678935838,46.66957692733716
2024-01-01 13:40:00,20.705854972666984,41.97231866992855
2024-01-01 13:45:00,28.13960886130635,29.79346318553391
2024-01-01 13:50:00,30.20903547995538,41.57190962802058
2024-01-01 13:55:00,16.798162555990107,59.952712460273055
2024-01-01 14:00:00,19.946599650965325,29.68178977311692
2024-01-01 14:05:00,23.159488610654936,51.63056035373973
2024-01-01 14:10:00,22.068207804621732,63.98252495044561
2024-01-01 14:15:00,15.932945486827577,73.28950669285592
2024-01-01 14:20:00,21.60424563269865,50.67072116592025
2024-01-01 14:25:00,23.0585104625838,51.80777788640131
2024-01-01 14:30:00,22.707257699169247,49.333699945339326
2024-01-01 14:35:00,26.886125246410753,57.051026738103765
2024-01-01 14:40:00,20.936795885339663,37.96381056492053
2024-01-01 14:45:00,24.464854265751207,57.73585219711275
2024-01-01 14:50:00,25.49750894279103,54.51763961077781
2024-01-01 14:55:00,20.409358206964917,63.56981414145987
2024-01-01 15:00:00,23.164837804953915,38.41129027531505
2024-01-01 15:05:00,21.266658046115648,45.482908991703006
2024-01-01 15:10:00,20.116672915709643,38.8750662535772
2024-01-01 15:15:00,13.700209192537129,40.94491296241119
2024-01-01 15:20:00,14.893177981399424,26.361277313340267
2024-01-01 15:25:00,17.10951927061228,61.16349689434091
2024-01-01 15:30:00,21.14785364524789,47.24674541504091
2024-01-01 15:35:00,14.999497673507198,53.14194693935089
2024-01-01 15:40:00,28.628005559732138,59.525213846730125
2024-01-01 15:45:00,24.6665778110329,56.24900098946278
2024-01-01 15:50:00,29.123664738501205,58.85783989170213
2024-01-01 15:55:00,10.642575294510328,44.61552829102098
2024-01-01 16:00:00,20.451239867876208,55.20443522078803
2024-01-01 16:05:00,23.755888249669415,46.3711517536916
2024-01-01 16:10:00,23.20101556093267,32.27565388218001
2024-01-01 16:15:00,29.4343281277576,53.44087766301249
2024-01-01 16:20:00,24.72235959007079,41.81908660459139
2024-01-01 16:25:00,20.18659960310081,33.13312891896477
2024-01-01 16:30:00,23.571262352081717,63.73616220485063
2024-01-01 16:35:00,24.527513764450134,39.54486183167863
2024-01-01 16:40:00,29.475976838171118,38.505910326445175
2024-01-01 16:45:00,23.65707480633639,63.455331642292485
2024-01-01 16:50:00,24.731973950472103,33.92873344278792
2024-01-01 16:55:00,23.72276183001031,56.92923936186486
2024-01-01 17:00:00,23.74000392340431,42.244715177161396
2024-01-01 17:05:00,23.43477614948678,53.32545427083586
2024-01-01 17:10:00,23.334669062906805,62.202270172111426
2024-01-01 17:15:00,19.404869787666957,46.51696028298206
2024-01-01 17:20:00,29.506892774004776,37.57264188680626
2024-01-01 17:25:00,18.341126046956006,36.24772691821887
2024-01-01 17:30:00,19.65137775880576,45.014932938872256
2024-01-01 17:35:00,29.042634294684575,50.34147516709562
2024-01-01 17:40:00,16.81329683622289,42.73774583527355
2024-01-01 17:45:00,25.52354824718079,55.116765034218865
2024-01-01 17:50:00,14.548704310178387,50.06682495737834
2024-01-01 17:55:00,23.57434070570595,30.037377370339687
2024-01-01 18:00:00,14.761445913736791,46.59762415883692
2024-01-01 18:05:00,15.245859298971512,49.64446565881618
2024-01-01 18:10:00,19.673227510644363,62.393335680842014
2024-01-01 18:15:00,32.55995208904116,65.10382915558705
2024-01-01 18:20:00,12.275939380463631,44.37729609649522
2024-01-01 18:25:00,13.925574100748591,46.17241583756147
2024-01-01 18:30:00,28.03658218919393,30.540071651767764
2024-01-01 18:35:00,25.982266592083427,55.71965438869348
2024-01-01 18:40:00,15.951848448628205,71.20809284075042
2024-01-01 18:45:00,26.26882857656052,49.849484184774965
2024-01-01 18:50:00,22.01069926846029,46.08028799739752
2024-01-01 18:55:00,21.97176852024747,50.22994362524213
2024-01-01 19:00:00,18.23951593783379,45.14004276375925
2024-01-01 19:05:00,20.239659716539883,44.27421738655026
2024-01-01 19:10:00,29.230409971214225,53.34889642396665
2024-01-01 19:15:00,15.119363148770928,51.955495785650264
2024-01-01 19:20:00,16.990367964402502,77.32664986930024
2024-01-01 19:25:00,21.235918201647515,57.62910723879628
2024-01-01 19:30:00,27.99047735084401,49.50287863631653
2024-01-01 19:35:00,25.612051632974136,46.463043737032365
2024-01-01 19:40:00,22.79300699436986,46.75892183896903
2024-01-01 19:45:00,24.204980630698046,58.23553458418721
2024-01-01 19:50:00,25.80775409860243,52.60758282202025
2024-01-01 19:55:00,25.236545375295552,58.23899961098057
2024-01-01 20:00:00,29.517883536466034,57.49631987912758
2024-01-01 20:05:00,14.574339805378257,53.441309559213764
2024-01-01 20:10:00,20.95860107201132,44.782651816999476
2024-01-01 20:15:00,21.54418885773969,47.29521576334754
2024-01-01 20:20:00,16.850084300066815,36.76582216796868
2024-01-01 20:25:00,21.689019529307355,42.320841884379234
2024-01-01 20:30:00,21.658654602636012,48.86865507394464
2024-01-01 20:35:00,30.90930747202583,53.813733875401724
2024-01-01 20:40:00,24.420629193496236,7.0276822289944505
2024-01-01 20:45:00,20.72731194748652,42.72388843225678
2024-01-01 20:50:00,20.992276607148536,46.97634845122793
2024-01-01 20:55:00,29.429125819467075,29.33880334903951
2024-01-01 21:00:00,14.212363302912362,57.446117930252235
2024-01-01 21:05:00,14.646525968745156,49.56759446964885
2024-01-01 21:10:00,12.654575630199117,49.94958101418779
2024-01-01 21:15:00,30.379626012194535,49.06530632004063
2024-01-01 21:20:00,17.187433240440214,49.354915590027574
2024-01-01 21:25:00,13.093074632172264,50.987239671921294
2024-01-01 21:30:00,29.48752584424786,46.34923018738068
2024-01-01 21:35:00,26.657343417101675,67.88271585140012
2024-01-01 21:40:00,22.545011960129706,55.982330789570895
2024-01-01 21:45:00,20.86133551499239,50.16296537975896
2024-01-01 21:50:00,29.841227190113003,63.99387055463131
2024-01-01 21:55:00,18.203758571129796,44.66041566426095
2024-01-01 22:00:00,15.103854533441353,31.54995803892269
2024-01-01 22:05:00,27.128767064823293,64.99826806657333
2024-01-01 22:10:00,21.40786155789928,50.84717236439541
2024-01-01 22:15:00,23.61137544863163,42.19138942475425
2024-01-01 22:20:00,21.34039376564576,44.4772622533186
2024-01-01 22:25:00,22.22368693813162,52.68514226630859
2024-01-01 22:30:00,21.5987907095089,46.367909817815104
2024-01-01 22:35:00,16.962006704356117,56.12616367838855
2024-01-01 22:40:00,20.951499651411012,37.12787801964693
2024-01-01 22:45:00,25.36502047301047,44.70945155228088
2024-01-01 22:50:00,22.300235608525465,44.8837884906938
2024-01-01 22:55:00,27.190384212738742,47.616262445021505
2024-01-01 23:00:00,20.380229184846815,51.549009349680695
2024-01-01 23:05:00,18.15134449838573,50.01073801345907
2024-01-01 23:10:00,23.73624607628395,57.87151398831002
2024-01-01 23:15:00,20.8601325643325,52.72505494193398
2024-01-01 23:20:00,23.533856335781124,59.55966513425898
2024-01-01 23:25:00,23.519436992101927,45.82664321453619
2024-01-01 23:30:00,24.131296641878798,55.93768436600614
2024-01-01 23:35:00,27.542541142374926,57.535501627503855
2024-01-01 23:40:00,12.73188768593783,49.06343053589548
2024-01-01 23:45:00,18.206535248397714,61.07964774449946
2024-01-01 23:50:00,19.748208369992344,35.78319046627317
2024-01-01 23:55:00,17.17967299224018,39.508003043214686
2024-01-02 00:00:00,17.27945400482856,55.18375668558227
2024-01-02 00:05:00,19.52645846373842,47.68351138695213
2024-01-02 00:10:00,18.719844506970073,55.508751365105695
2024-01-02 00:15:00,21.88677245861075,55.50926866400254
2024-01-02 00:20:00,14.93597589369302,48.20769666308346
2024-01-02 00:25:00,12.745282499321082,21.711304348469973
2024-01-02 00:30:00,20.10064724295345,75.31963698951773
2024-01-02 00:35:00,20.050316929722758,56.03170533469506
2024-01-02 00:40:00,22.231714974033903,39.27273226136738
2024-01-02 00:45:00,28.789056146596522,38.369296878226194
2024-01-02 00:50:00,20.889775514099767,56.819382657565484
2024-01-02 00:55:00,16.59544627968388,65.11996513092963
2024-01-02 01:00:00,22.855492512092553,58.7264342163127
2024-01-02 01:05:00,10.119201067334043,40.34634396162495
2024-01-02 01:10:00,20.37226974602524,49.49322093772485
2024-01-02 01:15:00,23.5619045122474,37.92613396959332
2024-01-02 01:20:00,13.549834395932407,46.55583624438071
2024-01-02 01:25:00,15.428681079077244,42.71075380069374
2024-01-02 01:30:00,17.643709446925953,49.40065840612615
2024-01-02 01:35:00,19.8111862650167,43.69217599411856
2024-01-02 01:40:00,21.042354690679993,61.152861501880906
2024-01-02 01:45:00,25.756201285803968,62.68022069354471
2024-01-02 01:50:00,24.459150093753195,49.48049582460841
2024-01-02 01:55:00,27.117239601640005,49.128965808188006
2024-01-02 02:00:00,17.22227340335649,49.733022878904684
2024-01-02 02:05:00,20.679515107839702,52.58063761979183
2024-01-02 02:10:00,24.686679605112655,55.68980331073443
2024-01-02 02:15:00,18.395588613673,51.84702850215788
2024-01-02 02:20:00,24.076163194121147,47.78278454638147
2024-01-02 02:25:00,26.047105527045233,54.79688401838393
2024-01-02 02:30:00,24.63982497001262,52.80326734071889
2024-01-02 02:35:00,23.74513254327238,61.257612456434636
2024-01-02 02:40:00,13.077782188716688,32.82277669983018
2024-01-02 02:45:00,19.28976474130229,46.982015633777394
2024-01-02 02:50:00,15.263876825562372,35.12630937552357
2024-01-02 02:55:00,30.71607835559984,36.406048104698506
2024-01-02 03:00:00,20.976722532028067,53.38304685601461
2024-01-02 03:05:00,19.70839807663568,56.61899183979152
2024-01-02 03:10:00,22.941790645104163,54.45822586497612
2024-01-02 03:15:00,26.893682714896062,41.01049730900096
2024-01-02 03:20:00,26.35928353803034,37.46366439953043
2024-01-02 03:25:00,18.161412320572644,41.80137498477678
2024-01-02 03:30:00,28.7786800170083,58.79958999493075
2024-01-02 03:35:00,26.59091517326975,49.4713697229416
2024-01-02 03:40:00,20.000085933427734,35.72266437259805
2024-01-02 03:45:00,30.50020921390499,46.47972574271541
2024-01-02 03:50:00,28.88765897115956,38.27424869788002
2024-01-02 03:55:00,13.622568902303485,47.68279475276108
2024-01-02 04:00:00,23.66638888711856,58.8419699201692
2024-01-02 04:05:00,28.93448434748495,57.181487116548794
2024-01-02 04:10:00,25.08775946432669,37.33197470568036
2024-01-02 04:15:00,23.83988462811942,40.128943977801875
2024-01-02 04:20:00,14.80845520346718,48.8878546770265
2024-01-02 04:25:00,14.186533503005952,42.23294866711525
2024-01-02 04:30:00,15.265379707402301,67.72272108351235
2024-01-02 04:35:00,15.5043020946788,52.79108656150315
2024-01-02 04:40:00,13.650066493281141,34.16496374132527
2024-01-02 04:45:00,15.727442687990585,31.926612494111136
2024-01-02 04:50:00,18.977218555051646,49.95686698051598
2024-01-02 04:55:00,15.631674456029273,58.132907835605806
2024-01-02 05:00:00,31.7349235888799,40.44223679619499
2024-01-02 05:05:00,24.58122477708946,54.66309816276734
2024-01-02 05:10:00,23.021785046006478,45.8756101849837
2024-01-02 05:15:00,20.945036572880312,56.98110557288505
2024-01-02 05:20:00,33.24219329328242,44.42446058283017
2024-01-02 05:25:00,19.96447298839706,34.54212764506808
2024-01-02 05:30:00,20.820785102172373,50.1297439942605
2024-01-02 05:35:00,20.034185346406048,44.46872822534108
2024-01-02 05:40:00,31.278087574979878,46.996450970008055
2024-01-02 05:45:00,16.854574441023335,40.637885332131205
2024-01-02 05:50:00,20.549730549406313,48.283156392655506
2024-01-02 05:55:00,18.684443896860042,58.69744237080252
2024-01-02 06:00:00,22.086394334926073,30.60278919698068
2024-01-02 06:05:00,19.091133509397235,47.44519885120386
2024-01-02 06:10:00,29.21195456034342,29.759036732231486
2024-01-02 06:15:00,19.821757934446097,50.529814096602706
2024-01-02 06:20:00,22.227774964128567,38.69220252303492
2024-01-02 06:25:00,30.970389916838737,42.525294674989226
2024-01-02 06:30:00,19.033488868403836,31.74709152815769
2024-01-02 06:35:00,24.603238168672586,29.47744289976976
2024-01-02 06:40:00,20.850805783787262,44.88979433699013
2024-01-02 06:45:00,28.798324987667506,62.672166145216686
2024-01-02 06:50:00,25.76625727837071,44.15200000033467
2024-01-02 06:55:00,19.498434122699198,55.337130088523615
2024-01-02 07:00:00,21.340591199782825,61.332923642579345
2024-01-02 07:05:00,16.189287012414674,68.03235320305538
2024-01-02 07:10:00,30.144486304551954,51.42510128869322
2024-01-02 07:15:00,24.1401257681299,46.18115837067225
2024-01-02 07:20:00,12.898504652399433,49.181523330494585
2024-01-02 07:25:00,24.410743078542968,56.92115080180177
2024-01-02 07:30:00,24.084622518136793,44.049678099168055
2024-01-02 07:35:00,24.502645199537703,47.22495466661704
2024-01-02 07:40:00,26.864755616529624,62.227585315288685
2024-01-02 07:45:00,25.615621345573054,48.84506468148488
2024-01-02 07:50:00,26.611849070294635,57.93467937919231
2024-01-02 07:55:00,27.08245798307673,31.043483924892442
2024-01-02 08:00:00,28.33669475749889,37.44027340139522
2024-01-02 08:05:00,26.218043688664807,48.33081670936055
2024-01-02 08:10:00,16.26441415172135,41.62778818964375
2024-01-02 08:15:00,20.76804852394891,58.713684480626235
2024-01-02 08:20:00,19.306424147109635,51.259977671973054
2024-01-02 08:25:00,27.57823265694713,52.51528112628392
2024-01-02 08:30:00,16.59189064233879,52.66729877081467
2024-01-02 08:35:00,17.256815346433303,33.32371421398254
2024-01-02 08:40:00,21.365742693865965,35.361201128838744
2024-01-02 08:45:00,26.456597769114857,53.734085578202276
2024-01-02 08:50:00,22.171161240044434,43.54285007059056
2024-01-02 08:55:00,20.873153739785828,65.10302485413341
2024-01-02 09:00:00,18.562198128701624,70.81869314180165
2024-01-02 09:05:00,20.76031915090504,71.98172666973288
2024-01-02 09:10:00,25.469858116186742,63.00379129308267
2024-01-02 09:15:00,26.103450751880928,61.09989816537664
2024-01-02 09:20:00,23.54337460350407,57.62810405389555
2024-01-02 09:25:00,22.366011679948993,55.22590789118305
2024-01-02 09:30:00,24.918639636759504,43.722076299905005
2024-01-02 09:35:00,23.74791686248763,53.357289257381694
2024-01-02 09:40:00,17.616296985992363,72.27660423578254
2024-01-02 09:45:00,27.85850800002291,44.57207386766077
2024-01-02 09:50:00,12.83187919330858,49.030099254124266
2024-01-02 09:55:00,26.410409622668773,48.62671229645178
2024-01-02 10:00:00,18.79737044060801,43.191703670746065
2024-01-02 10:05:00,17.711319816933905,73.34073128006459
2024-01-02 10:10:00,23.514423597434018,40.94040945218752
2024-01-02 10:15:00,22.361921031106768,45.21693511036981
2024-01-02 10:20:00,16.578459795119283,66.77820309434495
2024-01-02 10:25:00,12.47091435965591,31.366386127657037
2024-01-02 10:30:00,30.986542740589982,45.862181013017825
2024-01-02 10:35:00,20.4425931838781,59.329181936926034
2024-01-02 10:40:00,30.168149768417024,46.5719275724253
2024-01-02 10:45:00,28.384139435211864,49.54138353138471
2024-01-02 10:50:00,26.04981219126021,54.94132857803086
2024-01-02 10:55:00,17.16433112683069,69.57842601966516
2024-01-02 11:00:00,19.53979954491434,57.571690123406064
2024-01-02 11:05:00,17.10421088287507,63.58443197798855
2024-01-02 11:10:00,15.918414497383841,52.44059256937663
2024-01-02 11:15:00,23.230361982877646,56.16649488772232
2024-01-02 11:20:00,28.70453115115259,60.42484384490623
2024-01-02 11:25:00,11.484302492649753,56.44782003335542
2024-01-02 11:30:00,16.72697996313508,48.793962379454484
2024-01-02 11:35:00,21.493696169409457,32.6491346916021
2024-01-02 11:40:00,20.02342798747418,39.20000924336577
2024-01-02 11:45:00,31.75625390644864,70.08157956646231
2024-01-02 11:50:00,21.2334797514056,53.64457888216342
2024-01-02 11:55:00,22.262609810815757,69.02164716489796
2024-01-02 12:00:00,15.373994070498252,42.69244851301693
2024-01-02 12:05:00,22.677607404427054,38.9802701298677
2024-01-02 12:10:00,23.24691441667826,55.66514177852216
2024-01-02 12:15:00,26.910817414554707,48.40469692510808
2024-01-02 12:20:00,25.663520900730294,44.15068357795243
2024-01-02 12:25:00,21.826062927943102,56.43309938915722
2024-01-02 12:30:00,22.110626425639104,53.70297944955229
2024-01-02 12:35:00,17.32510609407035,48.581791523295884
2024-01-02 12:40:00,26.998090218780398,47.99635969482896
2024-01-02 12:45:00,26.64389966745042,43.58519617949596
2024-01-02 12:50:00,30.72032810840771,41.980515040697185
2024-01-02 12:55:00,35.680528884836605,62.75500443673248
2024-01-02 13:00:00,13.667061999998399,52.756612423859295
2024-01-02 13:05:00,21.671022720316426,52.81879031527123
2024-01-02 13:10:00,15.37267151950028,46.24531009422613
2024-01-02 13:15:00,19.926276241352046,43.834999692411344
2024-01-02 13:20:00,16.136684507968337,49.4178576261354
2024-01-02 13:25:00,17.368776752053193,57.299414468720535
2024-01-02 13:30:00,24.79465942627199,65.42767474371747
2024-01-02 13:35:00,19.13864252964019,49.385468768145415
2024-01-02 13:40:00,17.31847972906102,50.96601981947429
2024-01-02 13:45:00,22.218701588206297,43.50156050883673
2024-01-02 13:50:00,24.104708944745582,69.84726239674478
2024-01-02 13:55:00,18.704679879460084,47.78896466629388
2024-01-02 14:00:00,26.445450868920663,60.0501198302587
2024-01-02 14:05:00,27.39269665072016,72.71435661519266
2024-01-02 14:10:00,25.985449825504,53.933959159244914
2024-01-02 14:15:00,23.49199655701484,47.546690610720525
2024-01-02 14:20:00,25.05301100673407,47.75726136509765
2024-01-02 14:25:00,22.900923996995257,49.33249817379891
2024-01-02 14:30:00,21.647949210373287,43.03403723466266
2024-01-02 14:35:00,25.066230436325256,35.55210032040083
2024-01-02 14:40:00,13.70272420702655,33.65709997990706
2024-01-02 14:45:00,20.492828248032744,45.39390819906404
2024-01-02 14:50:00,25.20759270793358,56.70928419465723
2024-01-02 14:55:00,23.982994178085175,49.30446232559765
2024-01-02 15:00:00,15.070596919651678,51.253443089868476
2024-01-02 15:05:00,18.371701841347754,74.95707329477193
2024-01-02 15:10:00,19.80230776293364,42.02336746998377
2024-01-02 15:15:00,19.152018927395694,60.80955693439724
2024-01-02 15:20:00,20.628862866730017,35.591173353138544
2024-01-02 15:25:00,28.7889510595067,45.77853140306197
2024-01-02 15:30:00,24.79362454703594,49.977015242758924
2024-01-02 15:35:00,27.42129077006158,55.34547745878066
2024-01-02 15:40:00,7.945878462631589,61.8993112886094
2024-01-02 15:45:00,28.307347783709545,59.446817477377245
2024-01-02 15:50:00,4.026349738005749,57.68348817701161
2024-01-02 15:55:00,23.162405727837164,49.34599922369268
2024-01-02 16:00:00,22.314161210015957,54.05302418658726
2024-01-02 16:05:00,18.589297434527726,57.71682246099141
2024-01-02 16:10:00,19.97054093951693,51.20697022164725
2024-01-02 16:15:00,23.842792803898927,65.53824663115478
2024-01-02 16:20:00,26.27863390868696,55.100434523304116
2024-01-02 16:25:00,21.01808635355919,55.708851851267184
2024-01-02 16:30:00,29.662758119921772,45.448440397993835
2024-01-02 16:35:00,43.31595847123364,65.16276566047986
2024-01-02 16:40:00,24.773085798907218,49.75400815883529
2024-01-02 16:45:00,22.30987163216496,46.15633655037429
2024-01-02 16:50:00,21.150162078207728,34.29951738951341
2024-01-02 16:55:00,25.781312951574506,55.91088430391915
2024-01-02 17:00:00,18.23905553990445,80.68552357803412
2024-01-02 17:05:00,21.620569268398427,54.87956501840273
2024-01-02 17:10:00,15.349690382131552,56.990639525704026
2024-01-02 17:15:00,28.68790932855277,48.22086663047765
2024-01-02 17:20:00,27.0481713676798,37.896034540209094
2024-01-02 17:25:00,26.768972227561886,53.56280170322101
2024-01-02 17:30:00,26.982877458535754,47.12234658299831
2024-01-02 17:35:00,24.352299973399216,49.22451853690806
2024-01-02 17:40:00,25.111842966334876,43.45250433844531
2024-01-02 17:45:00,22.050070486755253,49.68384803283209
2024-01-02 17:50:00,15.546557127503972,46.83568688126176
2024-01-02 17:55:00,27.23958622242237,37.871840191962626
2024-01-02 18:00:00,24.704001179443225,51.09649310835705
2024-01-02 18:05:00,15.603982542089211,49.60909417131866
2024-01-02 18:10:00,24.10624146412851,33.27747133465736
2024-01-02 18:15:00,23.444841519676682,44.010322745229075
2024-01-02 18:20:00,21.70389085797879,47.60959014295662
2024-01-02 18:25:00,23.0177824375122,58.40793521042282
2024-01-02 18:30:00,27.60602469864703,61.631195861419215
2024-01-02 18:35:00,23.889931635043663,33.281425900785536
2024-01-02 18:40:00,18.812478100008054,47.207672672180955
2024-01-02 18:45:00,26.9726055060397,63.22955001112738
2024-01-02 18:50:00,22.8831982035729,36.75604672586152
2024-01-02 18:55:00,18.533026944605524,42.46216661461757
2024-01-02 19:00:00,22.025664905467526,50.81741764646529
2024-01-02 19:05:00,19.747857587626495,44.829059126204186
2024-01-02 19:10:00,29.74261952376081,48.02859274986641
2024-01-02 19:15:00,25.492017936194635,64.85906721460425
2024-01-02 19:20:00,22.439642584100213,37.515237806310054
2024-01-02 19:25:00,22.893316996974256,62.41308363690389
2024-01-02 19:30:00,25.528278998204563,57.27604239444997
2024-01-02 19:35:00,21.91374045689562,69.14023946699515
2024-01-02 19:40:00,20.6734097396895,63.04008674302723
2024-01-02 19:45:00,26.471711290476946,43.295109101011754
2024-01-02 19:50:00,23.107679273405665,44.55686544113813
2024-01-02 19:55:00,8.733000544270938,89.6429132487749
2024-01-02 20:00:00,16.72206199158273,59.777928534595205
2024-01-02 20:05:00,23.403946642099697,58.83237912678622
2024-01-02 20:10:00,20.50667173216068,46.442228823576826
2024-01-02 20:15:00,28.902661582727177,60.01794525846931
2024-01-02 20:20:00,20.71661016768646,45.54919839938138
2024-01-02 20:25:00,18.957583035043754,44.13670889881584
2024-01-02 20:30:00,17.538247937913013,48.471712407285914
2024-01-02 20:35:00,17.01220658428929,57.90002101509806
2024-01-02 20:40:00,21.23907383294492,59.223360735435634
2024-01-02 20:45:00,23.166250716172463,42.333901827409264
2024-01-02 20:50:00,16.858545704351183,45.09099928261034
2024-01-02 20:55:00,32.017146696737626,28.342093570693866
2024-01-02 21:00:00,20.53128593854662,56.00047887399884
2024-01-02 21:05:00,29.227973012177323,54.48999864247702
2024-01-02 21:10:00,15.115615874989665,38.687532363438194
2024-01-02 21:15:00,20.880268749269117,81.50734918870813
2024-01-02 21:20:00,21.929946686483493,30.769324759584272
2024-01-02 21:25:00,22.23261768864048,56.692812945191655
2024-01-02 21:30:00,20.697527590834646,35.43682844759722
2024-01-02 21:35:00,27.294985022182725,47.896495035663015
2024-01-02 21:40:00,21.81180382558642,73.02670033435521
2024-01-02 21:45:00,16.22129896959486,56.012375575148255
2024-01-02 21:50:00,25.637896915007516,52.902923196001865
2024-01-02 21:55:00,19.094092727136058,59.20647228268351
2024-01-02 22:00:00,14.465646086335468,48.524811685129535
2024-01-02 22:05:00,20.84599906858572,40.194924763473466
2024-01-02 22:10:00,13.264270221965441,34.001937018470166
2024-01-02 22:15:00,11.609771673223275,55.9047278826651
2024-01-02 22:20:00,18.198821299358084,32.81518121673243
2024-01-02 22:25:00,15.40911425005769,46.02809638775532
2024-01-02 22:30:00,22.167036529653274,46.17672325315696
2024-01-02 22:35:00,21.788287079028343,46.87250698932018
2024-01-02 22:40:00,27.92496103348097,47.750937859889675
2024-01-02 22:45:00,20.041820759290143,42.30331513679021
2024-01-02 22:50:00,19.03231795342,35.00035879684697
2024-01-02 22:55:00,15.477199756719475,61.95837376248991
2024-01-02 23:00:00,26.35233831569817,31.233075757076566
2024-01-02 23:05:00,14.952411444464065,57.89105982139093
2024-01-02 23:10:00,18.024140410269446,62.19857752775069
2024-01-02 23:15:00,28.612473987335648,59.1690631369674
2024-01-02 23:20:00,17.81515057730611,55.622675401460164
2024-01-02 23:25:00,22.499988679265986,54.70700576356552
2024-01-02 23:30:00,19.41369716263081,51.16971448669879
2024-01-02 23:35:00,24.127244413973973,62.970991832631654
2024-01-02 23:40:00,19.03051862610298,69.758093557731
2024-01-02 23:45:00,24.547666250544605,54.97956054992376
2024-01-02 23:50:00,-0.2644950656552645,47.71090259712765
2024-01-02 23:55:00,27.72090336840229,47.89090875928141
2024-01-03 00:00:00,13.789353982048524,43.752820368136454
2024-01-03 00:05:00,18.953897011526998,68.04836406077817
2024-01-03 00:10:00,31.76892951588367,44.779742585247895
2024-01-03 00:15:00,17.666275957077183,58.102828982741585
2024-01-03 00:20:00,25.838605896695956,38.87073922571027
2024-01-03 00:25:00,16.836869894166384,57.66230276313655
2024-01-03 00:30:00,16.040069771025532,57.162811222870246
2024-01-03 00:35:00,22.211233206907202,52.821738714029074
2024-01-03 00:40:00,24.173961151810808,62.71389120110773
2024-01-03 00:45:00,24.128956021534535,41.06874889726946
2024-01-03 00:50:00,19.461023917021897,47.92960261217461
2024-01-03 00:55:00,13.238503839540728,34.099846708115415
2024-01-03 01:00:00,18.12508169115713,64.27809294267865
2024-01-03 01:05:00,22.90712095901326,34.359355245751956
2024-01-03 01:10:00,32.18925003518216,55.15806760538621
2024-01-03 01:15:00,26.298268064949635,58.28825554491114
2024-01-03 01:20:00,21.998115569000806,40.22158763226132
2024-01-03 01:25:00,12.953139574349166,45.22167500850168
2024-01-03 01:30:00,28.298164640652047,58.47391924242517
2024-01-03 01:35:00,21.7288113676317,42.940987012479965
2024-01-03 01:40:00,21.15582018708349,47.44552467313779
2024-01-03 01:45:00,22.953476982593116,52.35221753627311
2024-01-03 01:50:00,24.089758610704298,46.335039298674026
2024-01-03 01:55:00,14.732356024245004,15.867404920258458
2024-01-03 02:00:00,20.858024337388258,40.23798402059896
2024-01-03 02:05:00,15.476167749721071,52.76158253282538
2024-01-03 02:10:00,20.199994721083588,58.16549732577345
2024-01-03 02:15:00,19.080518081685288,40.430053620263614
2024-01-03 02:20:00,23.36040288731825,41.228022271050904
2024-01-03 02:25:00,18.85228585612375,52.49860677735239
2024-01-03 02:30:00,23.35138725913459,43.08939233386878
2024-01-03 02:35:00,27.371521770499598,59.87686657549008
2024-01-03 02:40:00,27.27581445159737,52.78344802155343
2024-01-03 02:45:00,31.108028035038245,61.1984238895183
2024-01-03 02:50:00,20.18565206550479,36.701088006840294
2024-01-03 02:55:00,13.000270259258254,64.53995599580702
2024-01-03 03:00:00,21.034828096690436,51.6301821954801
2024-01-03 03:05:00,24.728652724187654,36.10594524899946
2024-01-03 03:10:00,5.26458880610822,11.24580262439661
2024-01-03 03:15:00,29.797275544957785,74.02314379085824
2024-01-03 03:20:00,20.965518411872367,56.71782864064873
2024-01-03 03:25:00,27.4870733121069,59.59138496247263
2024-01-03 03:30:00,20.355546301484488,46.55599016557476
2024-01-03 03:35:00,22.813135588935147,56.912247744128194
2024-01-03 03:40:00,11.27154354377071,31.748349875296036
2024-01-03 03:45:00,19.970621448177237,49.836405879836555
2024-01-03 03:50:00,22.28940068300752,48.73225682044471
2024-01-03 03:55:00,24.2645199783099,41.46880812560653
2024-01-03 04:00:00,24.303425146471415,51.98131032100187
2024-01-03 04:05:00,19.94688904988793,52.696639295077844
2024-01-03 04:10:00,16.827159425179623,55.091113883015396
2024-01-03 04:15:00,21.705064278707397,36.65041272505766
2024-01-03 04:20:00,27.431828203029443,39.10539893278374
2024-01-03 04:25:00,18.186994063562008,28.448784277108146
2024-01-03 04:30:00,33.85868128955351,40.6113036287707
2024-01-03 04:35:00,23.195504361098813,50.91159627500217
2024-01-03 04:40:00,25.466455226449263,56.521699691491875
2024-01-03 04:45:00,24.708552744886674,39.611194518863655
2024-01-03 04:50:00,16.64822646581758,61.532094223695275
2024-01-03 04:55:00,24.704758919113203,38.59852872164963
2024-01-03 05:00:00,25.75512950947027,40.98742644930708
2024-01-03 05:05:00,19.297199017797308,57.80337707500428
2024-01-03 05:10:00,24.543568356614607,46.946981966530984
2024-01-03 05:15:00,27.193451469282305,66.3260820441869
2024-01-03 05:20:00,19.414602938499222,51.77849045340828
2024-01-03 05:25:00,33.401057903472974,54.86556368810857
2024-01-03 05:30:00,11.554701097263763,37.47099894629955
2024-01-03 05:35:00,22.406750380568212,49.625796429766396
2024-01-03 05:40:00,19.213092552462893,40.51512120407509
2024-01-03 05:45:00,14.431791781739113,51.357585370305486
2024-01-03 05:50:00,26.85837791288546,48.54352074890455
2024-01-03 05:55:00,26.38011149710081,54.49621115897321
2024-01-03 06:00:00,23.15275722264686,55.64537765753736
2024-01-03 06:05:00,15.075362585227268,65.76950597944625
2024-01-03 06:10:00,31.362575457096646,56.925811423827206
2024-01-03 06:15:00,24.028617164352134,46.85772691170138
2024-01-03 06:20:00,22.10185719241631,41.7017322331539
2024-01-03 06:25:00,19.809531595375795,54.00240585445323
2024-01-03 06:30:00,18.264779254517766,71.38914955950239
2024-01-03 06:35:00,24.3012112154812,71.55688100469544
2024-01-03 06:40:00,28.48377421164147,59.33802377497679
2024-01-03 06:45:00,19.775996684025746,47.62397504610969
2024-01-03 06:50:00,28.32992092916999,78.89180628377902
2024-01-03 06:55:00,17.79498236709787,50.865404878882515
2024-01-03 07:00:00,28.514160799416203,46.88116782591375
2024-01-03 07:05:00,19.508983998240396,39.779560998538436
2024-01-03 07:10:00,15.765671578243527,55.62691007410376
2024-01-03 07:15:00,25.46305761475663,31.451022073795386
2024-01-03 07:20:00,19.250924205935974,49.47671704827188
2024-01-03 07:25:00,25.303287604491192,41.27943472510303
2024-01-03 07:30:00,10.827181149904202,49.78527039388382
2024-01-03 07:35:00,16.055138931531904,68.46591290233903
2024-01-03 07:40:00,22.537196748992617,59.7872984031189
2024-01-03 07:45:00,28.391331830134863,49.91283331530053
2024-01-03 07:50:00,20.990024391615304,6.452868927611959
2024-01-03 07:55:00,26.122182622725084,65.53067114556409
2024-01-03 08:00:00,22.5799595906859,55.40043989603062
2024-01-03 08:05:00,14.425596280333693,43.91613810615905
2024-01-03 08:10:00,24.849691730948642,38.420856755500985
2024-01-03 08:15:00,27.544186809837573,47.57197678285893
2024-01-03 08:20:00,17.79955221199982,55.75595481723518
2024-01-03 08:25:00,28.482788577519973,54.4628563461096
2024-01-03 08:30:00,20.96742632987504,10.10956526046629
2024-01-03 08:35:00,32.67712799848705,59.74498908116659
2024-01-03 08:40:00,19.30821253991011,50.31896101971649
2024-01-03 08:45:00,23.70458290775907,47.83570257508735
2024-01-03 08:50:00,23.000846716608383,61.74346552187892
2024-01-03 08:55:00,24.76457074518509,36.782941927629935
2024-01-03 09:00:00,22.95609301514582,53.49200878187535
2024-01-03 09:05:00,22.677442928204933,49.67889601424554
2024-01-03 09:10:00,22.604567278856397,42.428345214551584
2024-01-03 09:15:00,26.275734798468708,51.294095409850726
2024-01-03 09:20:00,28.331485942057405,56.16801617415053
2024-01-03 09:25:00,23.283315733609797,37.07943334627551
2024-01-03 09:30:00,15.342377090268178,53.796206961800586
2024-01-03 09:35:00,21.07433533571752,56.84982230079833
2024-01-03 09:40:00,13.959201177015911,50.34160126366997
2024-01-03 09:45:00,31.910994129801864,34.86038282916603
2024-01-03 09:50:00,34.69488179065877,57.15861457995768
2024-01-03 09:55:00,22.4685606350406,49.162877632876075
2024-01-03 10:00:00,22.155360253970944,52.88898952068805
2024-01-03 10:05:00,27.55107303677962,69.00021806449581
2024-01-03 10:10:00,20.03480644216112,49.93421042768893
2024-01-03 10:15:00,18.723864598065965,47.65315846895823
2024-01-03 10:20:00,26.38435633608772,50.5891094317437
2024-01-03 10:25:00,21.98298541406171,60.96487240095807
2024-01-03 10:30:00,22.664423603448814,47.28225208154569
2024-01-03 10:35:00,26.86349157917586,54.72302454563792
2024-01-03 10:40:00,22.019381039745735,55.3588526930408
2024-01-03 10:45:00,24.364685153145913,49.60977411221008
2024-01-03 10:50:00,22.36745473781762,70.6089424657442
2024-01-03 10:55:00,19.66071397700538,61.46830633330191
2024-01-03 11:00:00,25.8151518494514,55.21946566056957
2024-01-03 11:05:00,25.892541571692142,59.30487086001859
2024-01-03 11:10:00,25.823536960546303,52.13208815553985
2024-01-03 11:15:00,19.832136443830976,40.36074695731562
2024-01-03 11:20:00,21.8934094143316,42.447823635024044
2024-01-03 11:25:00,13.722081842910946,33.58135852508645
2024-01-03 11:30:00,27.17294639999877,40.54866623952468
2024-01-03 11:35:00,17.641819020373923,37.71226835968638
2024-01-03 11:40:00,20.048495125278713,56.24464528856459
2024-01-03 11:45:00,14.171107255106685,47.07395941526361
2024-01-03 11:50:00,11.187494690537413,61.577098463372444
2024-01-03 11:55:00,31.6077279812257,52.37423927908822
2024-01-03 12:00:00,26.372152274651015,60.80727887476325
2024-01-03 12:05:00,23.256597400951247,52.05233105212805
2024-01-03 12:10:00,25.618117000938575,60.31807730160358
2024-01-03 12:15:00,23.855255663560722,45.282721678893346
2024-01-03 12:20:00,17.09002792882334,43.73747464364328
2024-01-03 12:25:00,7.72696120767063,63.74190083125099
2024-01-03 12:30:00,24.23493974762928,46.837126812048304
2024-01-03 12:35:00,12.918962625064792,33.328287094110635
2024-01-03 12:40:00,19.546997292464887,48.497793375878764
2024-01-03 12:45:00,20.314603169006936,27.13578988374651
2024-01-03 12:50:00,19.29559352270276,48.23329062390561
2024-01-03 12:55:00,15.548586597278549,46.03943826947053
2024-01-03 13:00:00,19.860128700260645,70.3672824417107
2024-01-03 13:05:00,15.84850462444211,57.82195269080853
2024-01-03 13:10:00,20.882946169263104,49.034989087913914
2024-01-03 13:15:00,22.700278549292666,53.209009576652754
2024-01-03 13:20:00,21.21505834105081,66.30784074358833
2024-01-03 13:25:00,25.274694795182075,43.00976397895187
2024-01-03 13:30:00,18.436518821280497,55.82490420961749
2024-01-03 13:35:00,29.914908990192455,54.36991779519392
2024-01-03 13:40:00,23.25466799004393,55.829442578447974
2024-01-03 13:45:00,21.61200319317816,66.08697177048538
2024-01-03 13:50:00,13.148749801724918,44.91559778782488
2024-01-03 13:55:00,15.60845332468434,52.23748937512103
2024-01-03 14:00:00,19.880419646931184,41.717378079338616
2024-01-03 14:05:00,24.985821277794734,57.81096399072902
2024-01-03 14:10:00,19.02580003642345,53.425907840559766
2024-01-03 14:15:00,25.00458399502218,43.20480771494712
2024-01-03 14:20:00,20.725728591781696,61.354022653854955
2024-01-03 14:25:00,26.16727423165215,40.35070996597352
2024-01-03 14:30:00,20.67843765637308,42.34880768229547
2024-01-03 14:35:00,24.612876069428122,42.318754461203035
2024-01-03 14:40:00,24.671260061710694,52.72792148606263
2024-01-03 14:45:00,21.3702241164545,56.06499836156691
2024-01-03 14:50:00,22.42857656854634,58.66122025990042
2024-01-03 14:55:00,21.74297192967472,47.61683175728063
2024-01-03 15:00:00,28.117632457295727,54.43366407337652
2024-01-03 15:05:00,10.596909785630613,46.636803776619935
2024-01-03 15:10:00,23.554112096260365,49.89523944504129
2024-01-03 15:15:00,16.90746573998881,49.00102331705359
2024-01-03 15:20:00,15.737186458007475,50.241893895755794
2024-01-03 15:25:00,16.70514172280558,62.14113696068769
2024-01-03 15:30:00,21.09741853788906,71.87961881434154
2024-01-03 15:35:00,27.88019836068922,58.75105519531364
2024-01-03 15:40:00,31.632167748962722,53.456096079395586
2024-01-03 15:45:00,20.157044850616842,56.464191908890726
2024-01-03 15:50:00,31.01533628095725,53.82026187763832
2024-01-03 15:55:00,21.32328446272267,51.29953363330106
2024-01-03 16:00:00,15.120686775070915,58.079974416957555
2024-01-03 16:05:00,35.205187206686226,52.07535022241526
2024-01-03 16:10:00,22.515004493726185,41.83259868416363
2024-01-03 16:15:00,21.240119151765096,28.665232180886488
2024-01-03 16:20:00,19.124771912961663,47.56395747906734
2024-01-03 16:25:00,15.540575106725043,55.949962129644774
2024-01-03 16:30:00,24.577852584158858,66.76486500518783
2024-01-03 16:35:00,22.013909217512143,69.89470580101407
2024-01-03 16:40:00,28.62297902078321,44.55852314528958
2024-01-03 16:45:00,27.55568021118754,30.4926479829193
2024-01-03 16:50:00,23.398828285985953,51.57197177989704
2024-01-03 16:55:00,30.52337212136088,61.38672204274625
2024-01-03 17:00:00,17.732083538954804,41.747852804663545
2024-01-03 17:05:00,14.954701409270566,46.60529719528864
2024-01-03 17:10:00,25.30994675149026,49.83532057543632
2024-01-03 17:15:00,28.503064846534407,41.708958431045914
2024-01-03 17:20:00,22.053551034811353,47.798431408453254
2024-01-03 17:25:00,23.353566704125942,43.75021415559053
2024-01-03 17:30:00,20.91727054029046,41.08156975675668
2024-01-03 17:35:00,26.863261851201937,10.393522206065477
2024-01-03 17:40:00,23.39149562991425,56.12005568151086
2024-01-03 17:45:00,21.20891124474169,44.91962596210778
2024-01-03 17:50:00,35.29513788353184,43.35195163333821
2024-01-03 17:55:00,24.946748576387236,48.48375347843721
2024-01-03 18:00:00,20.65913115045097,52.05201507968557
2024-01-03 18:05:00,10.992749315883383,54.754403890581855
2024-01-03 18:10:00,15.300736611152336,44.54977889699381
2024-01-03 18:15:00,17.405494869395525,50.23892550880815
2024-01-03 18:20:00,21.2409330680673,65.82039837009462
2024-01-03 18:25:00,19.446436237206562,47.332505980938166
2024-01-03 18:30:00,24.067877758623588,30.574572613550956
2024-01-03 18:35:00,21.03631059306222,55.22817941780958
2024-01-03 18:40:00,26.318258318829137,42.04077445731081
2024-01-03 18:45:00,20.564955506088992,28.78226128541567
2024-01-03 18:50:00,27.38542598695408,67.2098708961777
2024-01-03 18:55:00,29.426395087817966,63.377766175517436
2024-01-03 19:00:00,22.85060407657698,68.77371959707966
2024-01-03 19:05:00,21.125060383790128,34.452419930076495
2024-01-03 19:10:00,13.553620763580517,50.1861615128289
2024-01-03 19:15:00,20.013746695868544,48.41485670594543
2024-01-03 19:20:00,23.612812843607983,48.04235971325925
2024-01-03 19:25:00,14.963094906902128,37.11160251551328
2024-01-03 19:30:00,30.81490312063177,55.77370225271326
2024-01-03 19:35:00,27.61837145400725,24.25859428598764
2024-01-03 19:40:00,25.48679172533549,36.74789611249161
2024-01-03 19:45:00,26.455804518016258,53.14548426365613
2024-01-03 19:50:00,26.725945576550377,37.889731990691914
2024-01-03 19:55:00,12.677137341873964,61.55005879896713
2024-01-03 20:00:00,20.098049480888875,40.444073530880495
2024-01-03 20:05:00,29.343305035912856,60.18960965823223
2024-01-03 20:10:00,19.601237233513167,50.00228278444617
2024-01-03 20:15:00,20.308325954745687,61.71738532287947
2024-01-03 20:20:00,15.832824936902277,47.57689729147287
2024-01-03 20:25:00,29.04606353032034,50.845117407665846
2024-01-03 20:30:00,29.7388845780214,43.90112965467203
2024-01-03 20:35:00,20.950268430196907,56.28059469775213
2024-01-03 20:40:00,13.149227054218066,56.009320027274526
2024-01-03 20:45:00,16.016136469831643,48.630285367522
2024-01-03 20:50:00,24.978042406391843,65.3851074192564
2024-01-03 20:55:00,20.994288839203385,48.92199351902172
2024-01-03 21:00:00,25.104442401179682,65.69870317982654
2024-01-03 21:05:00,21.79954731518834,56.365869201541805
2024-01-03 21:10:00,27.035857672672186,49.589687753045354
2024-01-03 21:15:00,22.264619711777517,44.7697621408147
2024-01-03 21:20:00,21.073511881030928,50.73703480892216
2024-01-03 21:25:00,17.87449474823343,42.165207184391605
2024-01-03 21:30:00,27.89000137431138,53.41059063445994
2024-01-03 21:35:00,34.99595455474409,31.695735541778866
2024-01-03 21:40:00,20.773933264203386,36.79505203078067
2024-01-03 21:45:00,21.413004492410508,53.320023600541234
2024-01-03 21:50:00,18.89723181776681,53.02186319213086
2024-01-03 21:55:00,25.43809297748061,52.39531564207986
2024-01-03 22:00:00,22.505544493470374,54.44063125311856
2024-01-03 22:05:00,28.573934149565527,50.84053060950281
2024-01-03 22:10:00,34.64622824042138,37.97580645295409
2024-01-03 22:15:00,27.76455111175694,61.78257346819852
2024-01-03 22:20:00,18.14417671061487,49.67649234266076
2024-01-03 22:25:00,13.679190612775562,32.58685958546636
2024-01-03 22:30:00,21.736573467223778,66.95940707412748
2024-01-03 22:35:00,24.183860751708643,54.239570738155095
2024-01-03 22:40:00,22.85936988645675,50.42786841530604
2024-01-03 22:45:00,15.27552624580196,40.44021481914219
2024-01-03 22:50:00,25.574702110248598,54.62331257804634
2024-01-03 22:55:00,21.464004959403848,40.66671290978611
2024-01-03 23:00:00,18.415430909485885,44.67673939208989
2024-01-03 23:05:00,20.466788812538656,46.73351519196698
2024-01-03 23:10:00,19.79691073694982,62.00736672079681
2024-01-03 23:15:00,16.575721925312074,50.24170882546643
2024-01-03 23:20:00,23.967446258233746,54.977861809931845
2024-01-03 23:25:00,26.384044331215215,52.97124960893194
2024-01-03 23:30:00,30.319612065029663,53.3794135599205
2024-01-03 23:35:00,22.071320593947174,49.37315772202854
2024-01-03 23:40:00,21.464449720741307,48.53131036913787
2024-01-03 23:45:00,25.320928740179227,54.456785662155745
2024-01-03 23:50:00,36.45794516301231,46.18893250333382
2024-01-03 23:55:00,11.996490893556286,35.7325538192631
2024-01-04 00:00:00,35.09555510972213,59.39446485864003
2024-01-04 00:05:00,20.894544312509865,69.43950365836298
2024-01-04 00:10:00,19.434790109608784,50.93957625960906
2024-01-04 00:15:00,27.83758000822094,58.62136647531424
2024-01-04 00:20:00,18.947057664440717,51.15264103509801
2024-01-04 00:25:00,22.82444391846497,45.54529381980007
2024-01-04 00:30:00,17.167623084363335,72.58426531203497
2024-01-04 00:35:00,21.7455145996288,48.22451676290874
2024-01-04 00:40:00,29.411922171967817,42.63556578510973
2024-01-04 00:45:00,27.040662843619092,35.98846917313968
2024-01-04 00:50:00,14.51206695166509,46.305265439197285
2024-01-04 00:55:00,25.278394106690378,37.399343698448604
2024-01-04 01:00:00,14.943266040738546,55.5121570721543
2024-01-04 01:05:00,21.516681106185487,45.95528020295395
2024-01-04 01:10:00,25.308476058097796,52.97167039533553
2024-01-04 01:15:00,13.97238774898224,40.577360264784716
2024-01-04 01:20:00,20.380324641157863,36.328877792052566
2024-01-04 01:25:00,19.90479887145575,53.146255824545804
2024-01-04 01:30:00,28.98893123659382,49.44556853103159
2024-01-04 01:35:00,22.393803176243644,38.64274515536635
2024-01-04 01:40:00,20.29684113446857,25.817215143696245
2024-01-04 01:45:00,17.49258722718406,38.315770481733495
2024-01-04 01:50:00,18.309791179250773,44.42583369225656
2024-01-04 01:55:00,14.865341776716726,38.2476300997898
2024-01-04 02:00:00,29.858080853052602,41.3733864371211
2024-01-04 02:05:00,8.398670818168517,44.705588630014844
2024-01-04 02:10:00,16.685897119432273,45.328438344214405
2024-01-04 02:15:00,23.72107454617965,32.44009649382805
2024-01-04 02:20:00,26.17439268345051,64.91223624548456
2024-01-04 02:25:00,28.266632785541365,46.48769758470626
2024-01-04 02:30:00,11.322410887448246,74.36989149536387
2024-01-04 02:35:00,23.36591655130858,56.17249175675343
2024-01-04 02:40:00,22.823270004144376,61.32561426067805
2024-01-04 02:45:00,28.083993858963606,49.835516868154016
2024-01-04 02:50:00,17.834414566113402,44.59946510164018
2024-01-04 02:55:00,20.111738237567085,52.701372702128545
2024-01-04 03:00:00,19.463788610273554,44.91373371210503
2024-01-04 03:05:00,24.99840930906444,25.460164196217193
2024-01-04 03:10:00,21.225902490541912,50.20631149222032
2024-01-04 03:15:00,11.321261021565402,21.01212560879455
2024-01-04 03:20:00,17.059376846727304,38.61382654907928
2024-01-04 03:25:00,26.435698756140333,45.442182477529585
2024-01-04 03:30:00,24.04209642336803,49.69349656222842
2024-01-04 03:35:00,23.64884296723279,40.980596898258405
2024-01-04 03:40:00,24.567394699239703,54.86522851090788
2024-01-04 03:45:00,17.36286052410464,60.97882173144834
2024-01-04 03:50:00,22.9780900228222,43.23390484490696
2024-01-04 03:55:00,28.464066161695502,61.07595987114633
2024-01-04 04:00:00,21.444650066669315,24.872579214123647
2024-01-04 04:05:00,17.492627010692303,49.693063552430935
2024-01-04 04:10:00,27.355499085083803,38.02489187550985
2024-01-04 04:15:00,20.43481030946662,54.09768811079355
2024-01-04 04:20:00,28.884437827696388,53.994515260052324
2024-01-04 04:25:00,25.986357363624723,49.62010482281374
2024-01-04 04:30:00,22.853301760838846,47.28234911295527
2024-01-04 04:35:00,34.364677981985665,72.04424352108941
2024-01-04 04:40:00,20.935980831075128,55.63932735444132
2024-01-04 04:45:00,24.490600448525928,55.0938858128075
2024-01-04 04:50:00,27.517457438635656,74.33901013443929
2024-01-04 04:55:00,20.304061622999455,54.73176319470737
2024-01-04 05:00:00,21.213640067472298,43.63189991192974
2024-01-04 05:05:00,17.328075972563905,46.15526308133104
2024-01-04 05:10:00,32.01543856345875,56.233148458674066
2024-01-04 05:15:00,22.093783352847513,53.746601063106446
2024-01-04 05:20:00,17.759405145403594,68.42555065515006
2024-01-04 05:25:00,46.12646378865307,51.38841245475721
2024-01-04 05:30:00,16.90915403273979,44.552907682717176
2024-01-04 05:35:00,19.1373191880863,47.12853785410178
2024-01-04 05:40:00,21.012719340861583,47.186773042470435
2024-01-04 05:45:00,23.656296573271366,44.76651390195651
2024-01-04 05:50:00,12.335768764299614,55.091169541504804
2024-01-04 05:55:00,28.856350681831593,58.6341616165218
2024-01-04 06:00:00,24.613553881649935,33.3754384536434
2024-01-04 06:05:00,26.269079921761346,39.805152032012856
2024-01-04 06:10:00,17.10871874718776,35.96558655240077
2024-01-04 06:15:00,25.425495178543454,62.05292674109419
2024-01-04 06:20:00,21.389254231740086,63.55849771126273
2024-01-04 06:25:00,32.881584576912545,54.80103083749574
2024-01-04 06:30:00,23.588691284414004,37.763302030117146
2024-01-04 06:35:00,19.865752549560902,49.590659558199036
2024-01-04 06:40:00,9.826725382741293,34.65352696610347
2024-01-04 06:45:00,18.543719087556095,41.069536181538574
2024-01-04 06:50:00,19.94572372795517,42.196711657786004
2024-01-04 06:55:00,26.191213011234524,55.05189340163381
2024-01-04 07:00:00,16.123896783709064,57.493770914703035
2024-01-04 07:05:00,29.63346114797514,50.769697742307116
2024-01-04 07:10:00,32.393616763735835,47.292519557886386
2024-01-04 07:15:00,25.970764156568485,53.72390355697995
2024-01-04 07:20:00,21.190703142415337,63.93598835948804
2024-01-04 07:25:00,20.626283351387546,47.11410025462511
2024-01-04 07:30:00,24.507488375222664,72.38699633301435
2024-01-04 07:35:00,27.57743227958989,47.65973046326144
2024-01-04 07:40:00,21.145892701168503,69.18933468901949
2024-01-04 07:45:00,21.637361749033076,69.43505251997355
2024-01-04 07:50:00,24.62408795035108,38.38665361623633
2024-01-04 07:55:00,20.1709296430077,59.40272145161613
2024-01-04 08:00:00,23.819023323685755,54.03802732766093
2024-01-04 08:05:00,13.543801217026772,94.17922828626918
2024-01-04 08:10:00,16.399626124673702,51.86114370740524
2024-01-04 08:15:00,31.00968873150685,51.28010612870054
2024-01-04 08:20:00,22.922451073631343,55.27598244783657
2024-01-04 08:25:00,24.50847641476094,43.42249028540712
2024-01-04 08:30:00,16.336117450001414,48.92319201171253
2024-01-04 08:35:00,42.07824216238167,86.0348409529769
2024-01-04 08:40:00,30.182057748055968,34.682195214382176
2024-01-04 08:45:00,21.176777020299454,62.15707933805133
2024-01-04 08:50:00,24.028877926127336,26.884342822732854
2024-01-04 08:55:00,17.50664925108805,51.3393020149552
2024-01-04 09:00:00,21.771640197670756,41.122845432231614
2024-01-04 09:05:00,23.976664269605543,54.88916395416617
2024-01-04 09:10:00,28.395939448172996,36.01724831886611
2024-01-04 09:15:00,21.237179369057912,52.07888939446053
2024-01-04 09:20:00,18.637628799420323,58.72359833631781
2024-01-04 09:25:00,22.7521351574377,57.739157006593146
2024-01-04 09:30:00,20.242678829952222,50.28534965526037
2024-01-04 09:35:00,17.847927128812778,47.737078034494
2024-01-04 09:40:00,14.531343928395849,61.27965462275558
2024-01-04 09:45:00,22.060751932822964,64.7737830003859
2024-01-04 09:50:00,22.58007870299574,32.400168152791366
2024-01-04 09:55:00,26.70486146897561,63.6782708318072
2024-01-04 10:00:00,13.55076968846004,57.01028190778345
2024-01-04 10:05:00,19.870790971176632,50.66958148540904
2024-01-04 10:10:00,21.423675223850708,49.34205949076278
2024-01-04 10:15:00,22.856280521534845,55.047029446243656
2024-01-04 10:20:00,25.69096013374936,46.84101313683409
2024-01-04 10:25:00,21.049423538272375,46.112966122514564
2024-01-04 10:30:00,22.534896864178325,14.672631953816136
2024-01-04 10:35:00,24.65034459902026,47.114267053360116
2024-01-04 10:40:00,19.46086938204587,51.13712333818783
2024-01-04 10:45:00,28.42595594461718,47.29579577285078
2024-01-04 10:50:00,18.4675419911904,50.32528257314227
2024-01-04 10:55:00,23.174673095468282,62.914678310460936
2024-01-04 11:00:00,22.65310863751709,45.39750656548297
2024-01-04 11:05:00,33.376520591182796,42.3200986334653
2024-01-04 11:10:00,27.094690713108392,36.71312348895334
2024-01-04 11:15:00,15.730638713115209,46.767267473090286
